"DESCRIPTION","DURATION IN MS","NAME","PARENT SUITE","START TIME","STATUS","STOP TIME","SUB SUITE","SUITE","TEST CLASS","TEST METHOD"
"","2210","@smoke Update a test user","chromium","2026-10-05","passed","2026-10-05","","API/user.api.individual.spec.ts","",""
"","2473","@smoke login page title test","chromium","2026-10-05","passed","2026-10-05","","Web/loginPageFixtures.spec.ts","",""
"","3340","@smoke Cart exist on Login Page","chromium","2026-10-05","passed","2026-10-05","","Web/homepagefixtures.spec.ts","",""
"","3433","@smoke Footer exist on login Page","chromium","2026-10-05","passed","2026-10-05","","Web/productInfoPage.spec.ts","",""
"","3375","@smoke Footer exist on login Page","chromium","2026-10-05","passed","2026-10-05","","Web/homepagefixtures.spec.ts","",""
"","3348","@smoke Cart exist on Login Page","chromium","2026-10-05","passed","2026-10-05","","Web/productInfoPage.spec.ts","",""
"","3408","@smoke Search box exist on Login Page","chromium","2026-10-05","passed","2026-10-05","","Web/homepagefixtures.spec.ts","",""
"","2461","@smoke Search box exist on Login Page","chromium","2026-10-05","passed","2026-10-05","","Web/loginPageFixtures.spec.ts","",""
"","3422","@smoke App logo exist on Login Page","chromium","2026-10-05","passed","2026-10-05","","Web/productInfoPage.spec.ts","",""
"","2455","@smoke App logo exist on Login Page","chromium","2026-10-05","passed","2026-10-05","","Web/loginPageFixtures.spec.ts","",""
"","3380","@smoke Search box exist on Login Page","chromium","2026-10-05","passed","2026-10-05","","Web/productInfoPage.spec.ts","",""
"","3607","@smoke home page title test","chromium","2026-10-05","passed","2026-10-05","","Web/homepagefixtures.spec.ts","",""
"","2462","@smoke Cart exist on Login Page","chromium","2026-10-05","passed","2026-10-05","","Web/loginPageFixtures.spec.ts","",""
"","5089","@regression @smoke Verify details on productInfo","chromium","2026-10-05","passed","2026-10-05","","Web/productInfoPage.spec.ts","",""
"","3669","@smoke App logo exist on Login Page","chromium","2026-10-05","passed","2026-10-05","","Web/homepagefixtures.spec.ts","",""
"","2344","@smoke Footer exist on login Page","chromium","2026-10-05","passed","2026-10-05","","Web/loginPageFixtures.spec.ts","",""
